variant,t,Delta,N,Pmax,alpha,lam,kernel,det,dev
PK,1000.0,5.0,1201,20000,1.0,0.1,fejer,0.9988023268357388,0.001197673164261226
PK-oddK,1000.0,5.0,1201,20000,1.0,0.1,fejer,0.9987745501319897,0.0012254498680103199
PK-noH,1000.0,5.0,1201,20000,1.0,0.1,fejer,0.9999999971475797,2.8524202999591353e-09
PK-phaseJ,1000.0,5.0,1201,20000,1.0,0.1,fejer,0.9988076939284578,0.001192306071542193
PK-scramble,1000.0,5.0,1201,20000,1.0,0.1,fejer,0.9988023268357388,0.001197673164261226
CO,1000.0,5.0,1201,20000,1.0,0.1,fejer,0.9998761423495123,0.00012385765048772424
RANDW,1000.0,5.0,1201,20000,1.0,0.1,fejer,0.98170846406628,0.018291535933720016
INTSEQ,1000.0,5.0,1201,20000,1.0,0.1,fejer,0.9988804660711295,0.001119533928870542
